Country,Capital,Population,Area,Region,Subregion,Languages,Currencies,Timezones
Burkina Faso,Ouagadougou,20903278,272967.0,Africa,Western Africa,{'fra': 'French'},"{'XOF': {'name': 'West African CFA franc', 'symbol': 'Fr'}}",['UTC']
Hong Kong,City of Victoria,7500700,1104.0,Asia,Eastern Asia,"{'eng': 'English', 'zho': 'Chinese'}","{'HKD': {'name': 'Hong Kong dollar', 'symbol': '$'}}",['UTC+08:00']
United Arab Emirates,Abu Dhabi,9890400,83600.0,Asia,Western Asia,{'ara': 'Arabic'},"{'AED': {'name': 'United Arab Emirates dirham', 'symbol': 'د.إ'}}",['UTC+04:00']
Antigua and Barbuda,Saint John's,97928,442.0,Americas,Caribbean,{'eng': 'English'},"{'XCD': {'name': 'Eastern Caribbean dollar', 'symbol': '$'}}",['UTC-04:00']
Comoros,Moroni,869595,1862.0,Africa,Eastern Africa,"{'ara': 'Arabic', 'fra': 'French', 'zdj': 'Comorian'}","{'KMF': {'name': 'Comorian franc', 'symbol': 'Fr'}}",['UTC+03:00']
Pitcairn Islands,Adamstown,56,47.0,Oceania,Polynesia,{'eng': 'English'},"{'NZD': {'name': 'New Zealand dollar', 'symbol': '$'}}",['UTC-08:00']
Bulgaria,Sofia,6927288,110879.0,Europe,Southeast Europe,{'bul': 'Bulgarian'},"{'BGN': {'name': 'Bulgarian lev', 'symbol': 'лв'}}",['UTC+02:00']
Djibouti,Djibouti,988002,23200.0,Africa,Eastern Africa,"{'ara': 'Arabic', 'fra': 'French'}","{'DJF': {'name': 'Djiboutian franc', 'symbol': 'Fr'}}",['UTC+03:00']
Laos,Vientiane,7275556,236800.0,Asia,South-Eastern Asia,{'lao': 'Lao'},"{'LAK': {'name': 'Lao kip', 'symbol': '₭'}}",['UTC+07:00']
Lebanon,Beirut,6825442,10452.0,Asia,Western Asia,"{'ara': 'Arabic', 'fra': 'French'}","{'LBP': {'name': 'Lebanese pound', 'symbol': 'ل.ل'}}",['UTC+02:00']
Panama,Panama City,4314768,75417.0,Americas,Central America,{'spa': 'Spanish'},"{'PAB': {'name': 'Panamanian balboa', 'symbol': 'B/.'}, 'USD': {'name': 'United States dollar', 'symbol': '$'}}",['UTC-05:00']
Ecuador,Quito,17643060,276841.0,Americas,South America,{'spa': 'Spanish'},"{'USD': {'name': 'United States dollar', 'symbol': '$'}}","['UTC-06:00', 'UTC-05:00']"
Barbados,Bridgetown,287371,430.0,Americas,Caribbean,{'eng': 'English'},"{'BBD': {'name': 'Barbadian dollar', 'symbol': '$'}}",['UTC-04:00']
Isle of Man,Douglas,85032,572.0,Europe,Northern Europe,"{'eng': 'English', 'glv': 'Manx'}","{'GBP': {'name': 'British pound', 'symbol': '£'}, 'IMP': {'name': 'Manx pound', 'symbol': '£'}}",['UTC+00:00']
Bhutan,Thimphu,771612,38394.0,Asia,Southern Asia,{'dzo': 'Dzongkha'},"{'BTN': {'name': 'Bhutanese ngultrum', 'symbol': 'Nu.'}, 'INR': {'name': 'Indian rupee', 'symbol': '₹'}}",['UTC+06:00']
Burundi,Gitega,11890781,27834.0,Africa,Eastern Africa,"{'fra': 'French', 'run': 'Kirundi'}","{'BIF': {'name': 'Burundian franc', 'symbol': 'Fr'}}",['UTC+02:00']
China,Beijing,1402112000,9706961.0,Asia,Eastern Asia,{'zho': 'Chinese'},"{'CNY': {'name': 'Chinese yuan', 'symbol': '¥'}}",['UTC+08:00']
Norfolk Island,Kingston,2302,36.0,Oceania,Australia and New Zealand,"{'eng': 'English', 'pih': 'Norfuk'}","{'AUD': {'name': 'Australian dollar', 'symbol': '$'}}",['UTC+11:30']
Libya,Tripoli,6871287,1759540.0,Africa,Northern Africa,{'ara': 'Arabic'},"{'LYD': {'name': 'Libyan dinar', 'symbol': 'ل.د'}}",['UTC+01:00']
Bosnia and Herzegovina,Sarajevo,3280815,51209.0,Europe,Southeast Europe,"{'bos': 'Bosnian', 'hrv': 'Croatian', 'srp': 'Serbian'}",{'BAM': {'name': 'Bosnia and Herzegovina convertible mark'}},['UTC+01:00']
Tuvalu,Funafuti,11792,26.0,Oceania,Polynesia,"{'eng': 'English', 'tvl': 'Tuvaluan'}","{'AUD': {'name': 'Australian dollar', 'symbol': '$'}, 'TVD': {'name': 'Tuvaluan dollar', 'symbol': '$'}}",['UTC+12:00']
Angola,Luanda,32866268,1246700.0,Africa,Middle Africa,{'por': 'Portuguese'},"{'AOA': {'name': 'Angolan kwanza', 'symbol': 'Kz'}}",['UTC+01:00']
Madagascar,Antananarivo,27691019,587041.0,Africa,Eastern Africa,"{'fra': 'French', 'mlg': 'Malagasy'}","{'MGA': {'name': 'Malagasy ariary', 'symbol': 'Ar'}}",['UTC+03:00']
Mauritania,Nouakchott,4649660,1030700.0,Africa,Western Africa,{'ara': 'Arabic'},"{'MRU': {'name': 'Mauritanian ouguiya', 'symbol': 'UM'}}",['UTC']
Anguilla,The Valley,13452,91.0,Americas,Caribbean,{'eng': 'English'},"{'XCD': {'name': 'Eastern Caribbean dollar', 'symbol': '$'}}",['UTC-04:00']
Jersey,Saint Helier,100800,116.0,Europe,Northern Europe,"{'eng': 'English', 'fra': 'French', 'nrf': 'Jèrriais'}","{'GBP': {'name': 'British pound', 'symbol': '£'}, 'JEP': {'name': 'Jersey pound', 'symbol': '£'}}",['UTC+01:00']
Cape Verde,Praia,555988,4033.0,Africa,Western Africa,{'por': 'Portuguese'},"{'CVE': {'name': 'Cape Verdean escudo', 'symbol': 'Esc'}}",['UTC-01:00']
United States Virgin Islands,Charlotte Amalie,106290,347.0,Americas,Caribbean,{'eng': 'English'},"{'USD': {'name': 'United States dollar', 'symbol': '$'}}",['UTC-04:00']
Northern Mariana Islands,Saipan,57557,464.0,Oceania,Micronesia,"{'cal': 'Carolinian', 'cha': 'Chamorro', 'eng': 'English'}","{'USD': {'name': 'United States dollar', 'symbol': '$'}}",['UTC+10:00']
Niue,Alofi,1470,260.0,Oceania,Polynesia,"{'eng': 'English', 'niu': 'Niuean'}","{'NZD': {'name': 'New Zealand dollar', 'symbol': '$'}}",['UTC-11:00']
United States Minor Outlying Islands,Washington DC,300,34.2,Americas,North America,{'eng': 'English'},"{'USD': {'name': 'United States dollar', 'symbol': '$'}}","['UTC-11:00', 'UTC-10:00', 'UTC+12:00']"
Mexico,Mexico City,128932753,1964375.0,Americas,North America,{'spa': 'Spanish'},"{'MXN': {'name': 'Mexican peso', 'symbol': '$'}}","['UTC-08:00', 'UTC-07:00', 'UTC-06:00']"
Sri Lanka,Sri Jayawardenepura Kotte,21919000,65610.0,Asia,Southern Asia,"{'sin': 'Sinhala', 'tam': 'Tamil'}","{'LKR': {'name': 'Sri Lankan rupee', 'symbol': 'Rs  රු'}}",['UTC+05:30']
Venezuela,Caracas,28435943,916445.0,Americas,South America,{'spa': 'Spanish'},"{'VES': {'name': 'Venezuelan bolívar soberano', 'symbol': 'Bs.S.'}}",['UTC-04:00']
Falkland Islands,Stanley,2563,12173.0,Americas,South America,{'eng': 'English'},"{'FKP': {'name': 'Falkland Islands pound', 'symbol': '£'}}",['UTC-04:00']
Malawi,Lilongwe,19129955,118484.0,Africa,Eastern Africa,"{'eng': 'English', 'nya': 'Chewa'}","{'MWK': {'name': 'Malawian kwacha', 'symbol': 'MK'}}",['UTC+02:00']
San Marino,City of San Marino,33938,61.0,Europe,Southern Europe,{'ita': 'Italian'},"{'EUR': {'name': 'Euro', 'symbol': '€'}}",['UTC+01:00']
Turks and Caicos Islands,Cockburn Town,38718,948.0,Americas,Caribbean,{'eng': 'English'},"{'USD': {'name': 'United States dollar', 'symbol': '$'}}",['UTC-04:00']
Saint Pierre and Miquelon,Saint-Pierre,6069,242.0,Americas,North America,{'fra': 'French'},"{'EUR': {'name': 'Euro', 'symbol': '€'}}",['UTC-03:00']
Suriname,Paramaribo,586634,163820.0,Americas,South America,{'nld': 'Dutch'},"{'SRD': {'name': 'Surinamese dollar', 'symbol': '$'}}",['UTC-03:00']
Guinea,Conakry,13132792,245857.0,Africa,Western Africa,{'fra': 'French'},"{'GNF': {'name': 'Guinean franc', 'symbol': 'Fr'}}",['UTC']
Zimbabwe,Harare,14862927,390757.0,Africa,Southern Africa,"{'bwg': 'Chibarwe', 'eng': 'English', 'kck': 'Kalanga', 'khi': 'Khoisan', 'ndc': 'Ndau', 'nde': 'Northern Ndebele', 'nya': 'Chewa', 'sna': 'Shona', 'sot': 'Sotho', 'toi': 'Tonga', 'tsn': 'Tswana', 'tso': 'Tsonga', 'ven': 'Venda', 'xho': 'Xhosa', 'zib': 'Zimbabwean Sign Language'}","{'ZWL': {'name': 'Zimbabwean dollar', 'symbol': '$'}}",['UTC+02:00']
Rwanda,Kigali,12952209,26338.0,Africa,Eastern Africa,"{'eng': 'English', 'fra': 'French', 'kin': 'Kinyarwanda'}","{'RWF': {'name': 'Rwandan franc', 'symbol': 'Fr'}}",['UTC+02:00']
Kyrgyzstan,Bishkek,6591600,199951.0,Asia,Central Asia,"{'kir': 'Kyrgyz', 'rus': 'Russian'}","{'KGS': {'name': 'Kyrgyzstani som', 'symbol': 'с'}}",['UTC+06:00']
Russia,Moscow,144104080,17098242.0,Europe,Eastern Europe,{'rus': 'Russian'},"{'RUB': {'name': 'Russian ruble', 'symbol': '₽'}}","['UTC+03:00', 'UTC+04:00', 'UTC+06:00', 'UTC+07:00', 'UTC+08:00', 'UTC+09:00', 'UTC+10:00', 'UTC+11:00', 'UTC+12:00']"
Uzbekistan,Tashkent,34232050,447400.0,Asia,Central Asia,"{'rus': 'Russian', 'uzb': 'Uzbek'}","{'UZS': {'name': 'Uzbekistani soʻm', 'symbol': ""so'm""}}",['UTC+05:00']
Belgium,Brussels,11555997,30528.0,Europe,Western Europe,"{'deu': 'German', 'fra': 'French', 'nld': 'Dutch'}","{'EUR': {'name': 'Euro', 'symbol': '€'}}",['UTC+01:00']
Åland Islands,Mariehamn,29458,1580.0,Europe,Northern Europe,{'swe': 'Swedish'},"{'EUR': {'name': 'Euro', 'symbol': '€'}}",['UTC+02:00']
Western Sahara,El Aaiún,510713,266000.0,Africa,Northern Africa,"{'ber': 'Berber', 'mey': 'Hassaniya', 'spa': 'Spanish'}","{'DZD': {'name': 'Algerian dinar', 'symbol': 'دج'}, 'MAD': {'name': 'Moroccan dirham', 'symbol': 'DH'}, 'MRU': {'name': 'Mauritanian ouguiya', 'symbol': 'UM'}}",['UTC+00:00']
Mayotte,Mamoudzou,226915,374.0,Africa,Eastern Africa,{'fra': 'French'},"{'EUR': {'name': 'Euro', 'symbol': '€'}}",['UTC+03:00']
Morocco,Rabat,36910558,446550.0,Africa,Northern Africa,"{'ara': 'Arabic', 'ber': 'Berber'}","{'MAD': {'name': 'Moroccan dirham', 'symbol': 'د.م.'}}",['UTC']
Martinique,Fort-de-France,378243,1128.0,Americas,Caribbean,{'fra': 'French'},"{'EUR': {'name': 'Euro', 'symbol': '€'}}",['UTC-04:00']
France,Paris,67391582,551695.0,Europe,Western Europe,{'fra': 'French'},"{'EUR': {'name': 'Euro', 'symbol': '€'}}","['UTC-10:00', 'UTC-09:30', 'UTC-09:00', 'UTC-08:00', 'UTC-04:00', 'UTC-03:00', 'UTC+01:00', 'UTC+02:00', 'UTC+03:00', 'UTC+04:00', 'UTC+05:00', 'UTC+10:00', 'UTC+11:00', 'UTC+12:00']"
Tanzania,Dodoma,59734213,945087.0,Africa,Eastern Africa,"{'eng': 'English', 'swa': 'Swahili'}","{'TZS': {'name': 'Tanzanian shilling', 'symbol': 'Sh'}}",['UTC+03:00']
Cayman Islands,George Town,65720,264.0,Americas,Caribbean,{'eng': 'English'},"{'KYD': {'name': 'Cayman Islands dollar', 'symbol': '$'}}",['UTC-05:00']
Iran,Tehran,83992953,1648195.0,Asia,Southern Asia,{'fas': 'Persian (Farsi)'},"{'IRR': {'name': 'Iranian rial', 'symbol': '﷼'}}",['UTC+03:30']
Israel,Jerusalem,9216900,20770.0,Asia,Western Asia,"{'ara': 'Arabic', 'heb': 'Hebrew'}","{'ILS': {'name': 'Israeli new shekel', 'symbol': '₪'}}",['UTC+02:00']
Cameroon,Yaoundé,26545864,475442.0,Africa,Middle Africa,"{'eng': 'English', 'fra': 'French'}","{'XAF': {'name': 'Central African CFA franc', 'symbol': 'Fr'}}",['UTC+01:00']
Singapore,Singapore,5685807,710.0,Asia,South-Eastern Asia,"{'zho': 'Chinese', 'eng': 'English', 'msa': 'Malay', 'tam': 'Tamil'}","{'SGD': {'name': 'Singapore dollar', 'symbol': '$'}}",['UTC+08:00']
Croatia,Zagreb,4047200,56594.0,Europe,Southeast Europe,{'hrv': 'Croatian'},"{'EUR': {'name': 'Euro', 'symbol': '€'}}",['UTC+01:00']
Myanmar,Naypyidaw,54409794,676578.0,Asia,South-Eastern Asia,{'mya': 'Burmese'},"{'MMK': {'name': 'Burmese kyat', 'symbol': 'Ks'}}",['UTC+06:30']
Grenada,St. George's,112519,344.0,Americas,Caribbean,{'eng': 'English'},"{'XCD': {'name': 'Eastern Caribbean dollar', 'symbol': '$'}}",['UTC-04:00']
Canada,Ottawa,38005238,9984670.0,Americas,North America,"{'eng': 'English', 'fra': 'French'}","{'CAD': {'name': 'Canadian dollar', 'symbol': '$'}}","['UTC-08:00', 'UTC-07:00', 'UTC-06:00', 'UTC-05:00', 'UTC-04:00', 'UTC-03:30']"
Argentina,Buenos Aires,45376763,2780400.0,Americas,South America,"{'grn': 'Guaraní', 'spa': 'Spanish'}","{'ARS': {'name': 'Argentine peso', 'symbol': '$'}}",['UTC-03:00']
Réunion,Saint-Denis,840974,2511.0,Africa,Eastern Africa,{'fra': 'French'},"{'EUR': {'name': 'Euro', 'symbol': '€'}}",['UTC+04:00']
Malaysia,Kuala Lumpur,32365998,330803.0,Asia,South-Eastern Asia,"{'eng': 'English', 'msa': 'Malay'}","{'MYR': {'name': 'Malaysian ringgit', 'symbol': 'RM'}}",['UTC+08:00']
Eswatini,Mbabane,1160164,17364.0,Africa,Southern Africa,"{'eng': 'English', 'ssw': 'Swazi'}","{'SZL': {'name': 'Swazi lilangeni', 'symbol': 'L'}, 'ZAR': {'name': 'South African rand', 'symbol': 'R'}}",['UTC+02:00']
Faroe Islands,Tórshavn,48865,1393.0,Europe,Northern Europe,"{'dan': 'Danish', 'fao': 'Faroese'}","{'DKK': {'name': 'Danish krone', 'symbol': 'kr'}, 'FOK': {'name': 'Faroese króna', 'symbol': 'kr'}}",['UTC+00:00']
Sierra Leone,Freetown,7976985,71740.0,Africa,Western Africa,{'eng': 'English'},"{'SLL': {'name': 'Sierra Leonean leone', 'symbol': 'Le'}}",['UTC']
Uganda,Kampala,45741000,241550.0,Africa,Eastern Africa,"{'eng': 'English', 'swa': 'Swahili'}","{'UGX': {'name': 'Ugandan shilling', 'symbol': 'Sh'}}",['UTC+03:00']
American Samoa,Pago Pago,55197,199.0,Oceania,Polynesia,"{'eng': 'English', 'smo': 'Samoan'}","{'USD': {'name': 'United States dollar', 'symbol': '$'}}",['UTC-11:00']
Ivory Coast,Yamoussoukro,26378275,322463.0,Africa,Western Africa,{'fra': 'French'},"{'XOF': {'name': 'West African CFA franc', 'symbol': 'Fr'}}",['UTC']
Equatorial Guinea,Malabo,1402985,28051.0,Africa,Middle Africa,"{'fra': 'French', 'por': 'Portuguese', 'spa': 'Spanish'}","{'XAF': {'name': 'Central African CFA franc', 'symbol': 'Fr'}}",['UTC+01:00']
Pakistan,Islamabad,220892331,881912.0,Asia,Southern Asia,"{'eng': 'English', 'urd': 'Urdu'}","{'PKR': {'name': 'Pakistani rupee', 'symbol': '₨'}}",['UTC+05:00']
Monaco,Monaco,39244,2.02,Europe,Western Europe,{'fra': 'French'},"{'EUR': {'name': 'Euro', 'symbol': '€'}}",['UTC+01:00']
Cook Islands,Avarua,18100,236.0,Oceania,Polynesia,"{'eng': 'English', 'rar': 'Cook Islands Māori'}","{'CKD': {'name': 'Cook Islands dollar', 'symbol': '$'}, 'NZD': {'name': 'New Zealand dollar', 'symbol': '$'}}",['UTC-10:00']
Bolivia,Sucre,11673029,1098581.0,Americas,South America,"{'aym': 'Aymara', 'grn': 'Guaraní', 'que': 'Quechua', 'spa': 'Spanish'}","{'BOB': {'name': 'Bolivian boliviano', 'symbol': 'Bs.'}}",['UTC-04:00']
Cyprus,Nicosia,1207361,9251.0,Europe,Southern Europe,"{'ell': 'Greek', 'tur': 'Turkish'}","{'EUR': {'name': 'Euro', 'symbol': '€'}}",['UTC+02:00']
Fiji,Suva,896444,18272.0,Oceania,Melanesia,"{'eng': 'English', 'fij': 'Fijian', 'hif': 'Fiji Hindi'}","{'FJD': {'name': 'Fijian dollar', 'symbol': '$'}}",['UTC+12:00']
Brazil,Brasília,212559409,8515767.0,Americas,South America,{'por': 'Portuguese'},"{'BRL': {'name': 'Brazilian real', 'symbol': 'R$'}}","['UTC-05:00', 'UTC-04:00', 'UTC-03:00', 'UTC-02:00']"
Ukraine,Kyiv,44134693,603500.0,Europe,Eastern Europe,{'ukr': 'Ukrainian'},"{'UAH': {'name': 'Ukrainian hryvnia', 'symbol': '₴'}}",['UTC+02:00']
Palau,Ngerulmud,18092,459.0,Oceania,Micronesia,"{'eng': 'English', 'pau': 'Palauan'}","{'USD': {'name': 'United States dollar', 'symbol': '$'}}",['UTC+09:00']
Bahrain,Manama,1701583,765.0,Asia,Western Asia,{'ara': 'Arabic'},"{'BHD': {'name': 'Bahraini dinar', 'symbol': '.د.ب'}}",['UTC+03:00']
Gambia,Banjul,2416664,10689.0,Africa,Western Africa,{'eng': 'English'},"{'GMD': {'name': 'dalasi', 'symbol': 'D'}}",['UTC+00:00']
Poland,Warsaw,37950802,312679.0,Europe,Central Europe,{'pol': 'Polish'},"{'PLN': {'name': 'Polish złoty', 'symbol': 'zł'}}",['UTC+01:00']
Cuba,Havana,11326616,109884.0,Americas,Caribbean,{'spa': 'Spanish'},"{'CUC': {'name': 'Cuban convertible peso', 'symbol': '$'}, 'CUP': {'name': 'Cuban peso', 'symbol': '$'}}",['UTC-05:00']
Jordan,Amman,10203140,89342.0,Asia,Western Asia,{'ara': 'Arabic'},"{'JOD': {'name': 'Jordanian dinar', 'symbol': 'د.ا'}}",['UTC+03:00']
Slovenia,Ljubljana,2100126,20273.0,Europe,Central Europe,{'slv': 'Slovene'},"{'EUR': {'name': 'Euro', 'symbol': '€'}}",['UTC+01:00']
French Southern and Antarctic Lands,Port-aux-Français,400,7747.0,Antarctic,,{'fra': 'French'},"{'EUR': {'name': 'Euro', 'symbol': '€'}}",['UTC+05:00']
Turkmenistan,Ashgabat,6031187,488100.0,Asia,Central Asia,"{'rus': 'Russian', 'tuk': 'Turkmen'}","{'TMT': {'name': 'Turkmenistan manat', 'symbol': 'm'}}",['UTC+05:00']
Luxembourg,Luxembourg,632275,2586.0,Europe,Western Europe,"{'deu': 'German', 'fra': 'French', 'ltz': 'Luxembourgish'}","{'EUR': {'name': 'Euro', 'symbol': '€'}}",['UTC+01:00']
Ghana,Accra,31072945,238533.0,Africa,Western Africa,{'eng': 'English'},"{'GHS': {'name': 'Ghanaian cedi', 'symbol': '₵'}}",['UTC']
Moldova,Chișinău,2617820,33846.0,Europe,Eastern Europe,{'ron': 'Romanian'},"{'MDL': {'name': 'Moldovan leu', 'symbol': 'L'}}",['UTC+02:00']
Eritrea,Asmara,5352000,117600.0,Africa,Eastern Africa,"{'ara': 'Arabic', 'eng': 'English', 'tir': 'Tigrinya'}","{'ERN': {'name': 'Eritrean nakfa', 'symbol': 'Nfk'}}",['UTC+03:00']
Spain,Madrid,47351567,505992.0,Europe,Southern Europe,"{'spa': 'Spanish', 'cat': 'Catalan', 'eus': 'Basque', 'glc': 'Galician'}","{'EUR': {'name': 'Euro', 'symbol': '€'}}","['UTC', 'UTC+01:00']"
Ethiopia,Addis Ababa,114963583,1104300.0,Africa,Eastern Africa,{'amh': 'Amharic'},"{'ETB': {'name': 'Ethiopian birr', 'symbol': 'Br'}}",['UTC+03:00']
Mozambique,Maputo,31255435,801590.0,Africa,Eastern Africa,{'por': 'Portuguese'},"{'MZN': {'name': 'Mozambican metical', 'symbol': 'MT'}}",['UTC+02:00']
Sint Maarten,Philipsburg,40812,34.0,Americas,Caribbean,"{'eng': 'English', 'fra': 'French', 'nld': 'Dutch'}","{'ANG': {'name': 'Netherlands Antillean guilder', 'symbol': 'ƒ'}}",['UTC-04:00']
Syria,Damascus,17500657,185180.0,Asia,Western Asia,{'ara': 'Arabic'},"{'SYP': {'name': 'Syrian pound', 'symbol': '£'}}",['UTC+02:00']
Bangladesh,Dhaka,164689383,147570.0,Asia,Southern Asia,{'ben': 'Bengali'},"{'BDT': {'name': 'Bangladeshi taka', 'symbol': '৳'}}",['UTC+06:00']
Vietnam,Hanoi,97338583,331212.0,Asia,South-Eastern Asia,{'vie': 'Vietnamese'},"{'VND': {'name': 'Vietnamese đồng', 'symbol': '₫'}}",['UTC+07:00']
Netherlands,Amsterdam,16655799,41850.0,Europe,Western Europe,{'nld': 'Dutch'},"{'EUR': {'name': 'Euro', 'symbol': '€'}}",['UTC+01:00']
Andorra,Andorra la Vella,77265,468.0,Europe,Southern Europe,{'cat': 'Catalan'},"{'EUR': {'name': 'Euro', 'symbol': '€'}}",['UTC+01:00']
Taiwan,Taipei,23503349,36193.0,Asia,Eastern Asia,{'zho': 'Chinese'},"{'TWD': {'name': 'New Taiwan dollar', 'symbol': '$'}}",['UTC+08:00']
Christmas Island,Flying Fish Cove,2072,135.0,Oceania,Australia and New Zealand,{'eng': 'English'},"{'AUD': {'name': 'Australian dollar', 'symbol': '$'}}",['UTC+07:00']
Samoa,Apia,198410,2842.0,Oceania,Polynesia,"{'eng': 'English', 'smo': 'Samoan'}","{'WST': {'name': 'Samoan tālā', 'symbol': 'T'}}",['UTC+13:00']
Guinea-Bissau,Bissau,1967998,36125.0,Africa,Western Africa,"{'por': 'Portuguese', 'pov': 'Upper Guinea Creole'}","{'XOF': {'name': 'West African CFA franc', 'symbol': 'Fr'}}",['UTC']
Puerto Rico,San Juan,3194034,8870.0,Americas,Caribbean,"{'eng': 'English', 'spa': 'Spanish'}","{'USD': {'name': 'United States dollar', 'symbol': '$'}}",['UTC-04:00']
Papua New Guinea,Port Moresby,8947027,462840.0,Oceania,Melanesia,"{'eng': 'English', 'hmo': 'Hiri Motu', 'tpi': 'Tok Pisin'}","{'PGK': {'name': 'Papua New Guinean kina', 'symbol': 'K'}}",['UTC+10:00']
Guernsey,St. Peter Port,62999,78.0,Europe,Northern Europe,"{'eng': 'English', 'fra': 'French', 'nfr': 'Guernésiais'}","{'GBP': {'name': 'British pound', 'symbol': '£'}, 'GGP': {'name': 'Guernsey pound', 'symbol': '£'}}",['UTC+00:00']
Uruguay,Montevideo,3473727,181034.0,Americas,South America,{'spa': 'Spanish'},"{'UYU': {'name': 'Uruguayan peso', 'symbol': '$'}}",['UTC-03:00']
Australia,Canberra,25687041,7692024.0,Oceania,Australia and New Zealand,{'eng': 'English'},"{'AUD': {'name': 'Australian dollar', 'symbol': '$'}}","['UTC+05:00', 'UTC+06:30', 'UTC+07:00', 'UTC+08:00', 'UTC+09:30', 'UTC+10:00', 'UTC+10:30', 'UTC+11:30']"
North Korea,Pyongyang,25778815,120538.0,Asia,Eastern Asia,{'kor': 'Korean'},"{'KPW': {'name': 'North Korean won', 'symbol': '₩'}}",['UTC+09:00']
Bouvet Island,,0,49.0,Antarctic,,{'nor': 'Norwegian'},,['UTC+01:00']
Estonia,Tallinn,1331057,45227.0,Europe,Northern Europe,{'est': 'Estonian'},"{'EUR': {'name': 'Euro', 'symbol': '€'}}",['UTC+02:00']
Haiti,Port-au-Prince,11402533,27750.0,Americas,Caribbean,"{'fra': 'French', 'hat': 'Haitian Creole'}","{'HTG': {'name': 'Haitian gourde', 'symbol': 'G'}}",['UTC-05:00']
Algeria,Algiers,44700000,2381741.0,Africa,Northern Africa,{'ara': 'Arabic'},"{'DZD': {'name': 'Algerian dinar', 'symbol': 'د.ج'}}",['UTC+01:00']
Togo,Lomé,8278737,56785.0,Africa,Western Africa,{'fra': 'French'},"{'XOF': {'name': 'West African CFA franc', 'symbol': 'Fr'}}",['UTC']
French Guiana,Cayenne,254541,83534.0,Americas,South America,{'fra': 'French'},"{'EUR': {'name': 'Euro', 'symbol': '€'}}",['UTC-03:00']
Dominica,Roseau,71991,751.0,Americas,Caribbean,{'eng': 'English'},"{'XCD': {'name': 'Eastern Caribbean dollar', 'symbol': '$'}}",['UTC-04:00']
São Tomé and Príncipe,São Tomé,219161,964.0,Africa,Middle Africa,{'por': 'Portuguese'},"{'STN': {'name': 'São Tomé and Príncipe dobra', 'symbol': 'Db'}}",['UTC']
Egypt,Cairo,102334403,1002450.0,Africa,Northern Africa,{'ara': 'Arabic'},"{'EGP': {'name': 'Egyptian pound', 'symbol': '£'}}",['UTC+02:00']
Guatemala,Guatemala City,16858333,108889.0,Americas,Central America,{'spa': 'Spanish'},"{'GTQ': {'name': 'Guatemalan quetzal', 'symbol': 'Q'}}",['UTC-06:00']
Norway,Oslo,5379475,323802.0,Europe,Northern Europe,"{'nno': 'Norwegian Nynorsk', 'nob': 'Norwegian Bokmål', 'smi': 'Sami'}","{'NOK': {'name': 'Norwegian krone', 'symbol': 'kr'}}",['UTC+01:00']
Greece,Athens,10715549,131990.0,Europe,Southern Europe,{'ell': 'Greek'},"{'EUR': {'name': 'Euro', 'symbol': '€'}}",['UTC+02:00']
Belarus,Minsk,9398861,207600.0,Europe,Eastern Europe,"{'bel': 'Belarusian', 'rus': 'Russian'}","{'BYN': {'name': 'Belarusian ruble', 'symbol': 'Br'}}",['UTC+03:00']
Denmark,Copenhagen,5831404,43094.0,Europe,Northern Europe,{'dan': 'Danish'},"{'DKK': {'name': 'Danish krone', 'symbol': 'kr'}}","['UTC-04:00', 'UTC-03:00', 'UTC-01:00', 'UTC', 'UTC+01:00']"
Heard Island and McDonald Islands,,0,412.0,Antarctic,,{'eng': 'English'},,['UTC+05:00']
Indonesia,Jakarta,273523621,1904569.0,Asia,South-Eastern Asia,{'ind': 'Indonesian'},"{'IDR': {'name': 'Indonesian rupiah', 'symbol': 'Rp'}}","['UTC+07:00', 'UTC+08:00', 'UTC+09:00']"
Chile,Santiago,19116209,756102.0,Americas,South America,{'spa': 'Spanish'},"{'CLP': {'name': 'Chilean peso', 'symbol': '$'}}","['UTC-06:00', 'UTC-04:00']"
Palestine,Ramallah,4803269,6220.0,Asia,Western Asia,{'ara': 'Arabic'},"{'EGP': {'name': 'Egyptian pound', 'symbol': 'E£'}, 'ILS': {'name': 'Israeli new shekel', 'symbol': '₪'}, 'JOD': {'name': 'Jordanian dinar', 'symbol': 'JD'}}",['UTC+02:00']
United Kingdom,London,67215293,242900.0,Europe,Northern Europe,{'eng': 'English'},"{'GBP': {'name': 'British pound', 'symbol': '£'}}","['UTC-08:00', 'UTC-05:00', 'UTC-04:00', 'UTC-03:00', 'UTC-02:00', 'UTC', 'UTC+01:00', 'UTC+02:00', 'UTC+06:00']"
Saint Kitts and Nevis,Basseterre,53192,261.0,Americas,Caribbean,{'eng': 'English'},"{'XCD': {'name': 'Eastern Caribbean dollar', 'symbol': '$'}}",['UTC-04:00']
Saint Barthélemy,Gustavia,4255,21.0,Americas,Caribbean,{'fra': 'French'},"{'EUR': {'name': 'Euro', 'symbol': '€'}}",['UTC-04:00']
Nicaragua,Managua,6624554,130373.0,Americas,Central America,{'spa': 'Spanish'},"{'NIO': {'name': 'Nicaraguan córdoba', 'symbol': 'C$'}}",['UTC-06:00']
Tunisia,Tunis,11818618,163610.0,Africa,Northern Africa,{'ara': 'Arabic'},"{'TND': {'name': 'Tunisian dinar', 'symbol': 'د.ت'}}",['UTC+01:00']
Guam,Hagåtña,168783,549.0,Oceania,Micronesia,"{'cha': 'Chamorro', 'eng': 'English', 'spa': 'Spanish'}","{'USD': {'name': 'United States dollar', 'symbol': '$'}}",['UTC+10:00']
Macau,,649342,30.0,Asia,Eastern Asia,"{'por': 'Portuguese', 'zho': 'Chinese'}","{'MOP': {'name': 'Macanese pataca', 'symbol': 'P'}}",['UTC+08:00']
French Polynesia,Papeetē,280904,4167.0,Oceania,Polynesia,{'fra': 'French'},"{'XPF': {'name': 'CFP franc', 'symbol': '₣'}}","['UTC-10:00', 'UTC-09:30', 'UTC-09:00']"
Finland,Helsinki,5530719,338424.0,Europe,Northern Europe,"{'fin': 'Finnish', 'swe': 'Swedish'}","{'EUR': {'name': 'Euro', 'symbol': '€'}}",['UTC+02:00']
Seychelles,Victoria,98462,452.0,Africa,Eastern Africa,"{'crs': 'Seychellois Creole', 'eng': 'English', 'fra': 'French'}","{'SCR': {'name': 'Seychellois rupee', 'symbol': '₨'}}",['UTC+04:00']
South Georgia,King Edward Point,30,3903.0,Antarctic,,{'eng': 'English'},"{'SHP': {'name': 'Saint Helena pound', 'symbol': '£'}}",['UTC-02:00']
Jamaica,Kingston,2961161,10991.0,Americas,Caribbean,"{'eng': 'English', 'jam': 'Jamaican Patois'}","{'JMD': {'name': 'Jamaican dollar', 'symbol': '$'}}",['UTC-05:00']
Slovakia,Bratislava,5458827,49037.0,Europe,Central Europe,{'slk': 'Slovak'},"{'EUR': {'name': 'Euro', 'symbol': '€'}}",['UTC+01:00']
Guyana,Georgetown,786559,214969.0,Americas,South America,{'eng': 'English'},"{'GYD': {'name': 'Guyanese dollar', 'symbol': '$'}}",['UTC-04:00']
Cambodia,Phnom Penh,16718971,181035.0,Asia,South-Eastern Asia,{'khm': 'Khmer'},"{'KHR': {'name': 'Cambodian riel', 'symbol': '៛'}, 'USD': {'name': 'United States dollar', 'symbol': '$'}}",['UTC+07:00']
Thailand,Bangkok,69799978,513120.0,Asia,South-Eastern Asia,{'tha': 'Thai'},"{'THB': {'name': 'Thai baht', 'symbol': '฿'}}",['UTC+07:00']
Micronesia,Palikir,115021,702.0,Oceania,Micronesia,{'eng': 'English'},"{'USD': {'name': 'United States dollar', 'symbol': '$'}}","['UTC+10:00', 'UTC+11:00']"
Maldives,Malé,540542,300.0,Asia,Southern Asia,{'div': 'Maldivian'},"{'MVR': {'name': 'Maldivian rufiyaa', 'symbol': '.ރ'}}",['UTC+05:00']
Mauritius,Port Louis,1265740,2040.0,Africa,Eastern Africa,"{'eng': 'English', 'fra': 'French', 'mfe': 'Mauritian Creole'}","{'MUR': {'name': 'Mauritian rupee', 'symbol': '₨'}}",['UTC+04:00']
New Caledonia,Nouméa,271960,18575.0,Oceania,Melanesia,{'fra': 'French'},"{'XPF': {'name': 'CFP franc', 'symbol': '₣'}}",['UTC+11:00']
Philippines,Manila,109581085,342353.0,Asia,South-Eastern Asia,"{'eng': 'English', 'fil': 'Filipino'}","{'PHP': {'name': 'Philippine peso', 'symbol': '₱'}}",['UTC+08:00']
Sudan,Khartoum,43849269,1886068.0,Africa,Northern Africa,"{'ara': 'Arabic', 'eng': 'English'}",{'SDG': {'name': 'Sudanese pound'}},['UTC+03:00']
United States,"Washington, D.C.",329484123,9372610.0,Americas,North America,{'eng': 'English'},"{'USD': {'name': 'United States dollar', 'symbol': '$'}}","['UTC-12:00', 'UTC-11:00', 'UTC-10:00', 'UTC-09:00', 'UTC-08:00', 'UTC-07:00', 'UTC-06:00', 'UTC-05:00', 'UTC-04:00', 'UTC+10:00', 'UTC+12:00']"
Japan,Tokyo,125836021,377930.0,Asia,Eastern Asia,{'jpn': 'Japanese'},"{'JPY': {'name': 'Japanese yen', 'symbol': '¥'}}",['UTC+09:00']
Georgia,Tbilisi,3714000,69700.0,Asia,Western Asia,{'kat': 'Georgian'},"{'GEL': {'name': 'lari', 'symbol': '₾'}}",['UTC+04:00']
Tajikistan,Dushanbe,9537642,143100.0,Asia,Central Asia,"{'rus': 'Russian', 'tgk': 'Tajik'}","{'TJS': {'name': 'Tajikistani somoni', 'symbol': 'ЅМ'}}",['UTC+05:00']
Antarctica,,1000,14000000.0,Antarctic,,,,"['UTC-03:00', 'UTC+03:00', 'UTC+05:00', 'UTC+06:00', 'UTC+07:00', 'UTC+08:00', 'UTC+10:00', 'UTC+12:00']"
Republic of the Congo,Brazzaville,5657000,342000.0,Africa,Middle Africa,"{'fra': 'French', 'kon': 'Kikongo', 'lin': 'Lingala'}","{'XAF': {'name': 'Central African CFA franc', 'symbol': 'Fr'}}",['UTC+01:00']
Serbia,Belgrade,6908224,88361.0,Europe,Southeast Europe,{'srp': 'Serbian'},"{'RSD': {'name': 'Serbian dinar', 'symbol': 'дин.'}}",['UTC+01:00']
Armenia,Yerevan,2963234,29743.0,Asia,Western Asia,{'hye': 'Armenian'},"{'AMD': {'name': 'Armenian dram', 'symbol': '֏'}}",['UTC+04:00']
Botswana,Gaborone,2351625,582000.0,Africa,Southern Africa,"{'eng': 'English', 'tsn': 'Tswana'}","{'BWP': {'name': 'Botswana pula', 'symbol': 'P'}}",['UTC+02:00']
Afghanistan,Kabul,40218234,652230.0,Asia,Southern Asia,"{'prs': 'Dari', 'pus': 'Pashto', 'tuk': 'Turkmen'}","{'AFN': {'name': 'Afghan afghani', 'symbol': '؋'}}",['UTC+04:30']
Qatar,Doha,2881060,11586.0,Asia,Western Asia,{'ara': 'Arabic'},"{'QAR': {'name': 'Qatari riyal', 'symbol': 'ر.ق'}}",['UTC+03:00']
Trinidad and Tobago,Port of Spain,1399491,5130.0,Americas,Caribbean,{'eng': 'English'},"{'TTD': {'name': 'Trinidad and Tobago dollar', 'symbol': '$'}}",['UTC-04:00']
Yemen,Sana'a,29825968,527968.0,Asia,Western Asia,{'ara': 'Arabic'},"{'YER': {'name': 'Yemeni rial', 'symbol': '﷼'}}",['UTC+03:00']
Brunei,Bandar Seri Begawan,437483,5765.0,Asia,South-Eastern Asia,{'msa': 'Malay'},"{'BND': {'name': 'Brunei dollar', 'symbol': '$'}, 'SGD': {'name': 'Singapore dollar', 'symbol': '$'}}",['UTC+08:00']
Iceland,Reykjavik,366425,103000.0,Europe,Northern Europe,{'isl': 'Icelandic'},"{'ISK': {'name': 'Icelandic króna', 'symbol': 'kr'}}",['UTC']
Caribbean Netherlands,Kralendijk,25987,328.0,Americas,Caribbean,"{'eng': 'English', 'nld': 'Dutch', 'pap': 'Papiamento'}","{'USD': {'name': 'United States dollar', 'symbol': '$'}}",['UTC-04:00']
Marshall Islands,Majuro,59194,181.0,Oceania,Micronesia,"{'eng': 'English', 'mah': 'Marshallese'}","{'USD': {'name': 'United States dollar', 'symbol': '$'}}",['UTC+12:00']
Iraq,Baghdad,40222503,438317.0,Asia,Western Asia,"{'ara': 'Arabic', 'arc': 'Aramaic', 'ckb': 'Sorani'}","{'IQD': {'name': 'Iraqi dinar', 'symbol': 'ع.د'}}",['UTC+03:00']
Curaçao,Willemstad,155014,444.0,Americas,Caribbean,"{'eng': 'English', 'nld': 'Dutch', 'pap': 'Papiamento'}","{'ANG': {'name': 'Netherlands Antillean guilder', 'symbol': 'ƒ'}}",['UTC-04:00']
Kosovo,Pristina,1775378,10908.0,Europe,Southeast Europe,"{'sqi': 'Albanian', 'srp': 'Serbian'}","{'EUR': {'name': 'Euro', 'symbol': '€'}}",['UTC+01:00']
Albania,Tirana,2837743,28748.0,Europe,Southeast Europe,{'sqi': 'Albanian'},"{'ALL': {'name': 'Albanian lek', 'symbol': 'L'}}",['UTC+01:00']
Saint Vincent and the Grenadines,Kingstown,110947,389.0,Americas,Caribbean,{'eng': 'English'},"{'XCD': {'name': 'Eastern Caribbean dollar', 'symbol': '$'}}",['UTC-04:00']
Honduras,Tegucigalpa,9904608,112492.0,Americas,Central America,{'spa': 'Spanish'},"{'HNL': {'name': 'Honduran lempira', 'symbol': 'L'}}",['UTC-06:00']
Tokelau,Fakaofo,1411,12.0,Oceania,Polynesia,"{'eng': 'English', 'smo': 'Samoan', 'tkl': 'Tokelauan'}","{'NZD': {'name': 'New Zealand dollar', 'symbol': '$'}}",['UTC+13:00']
Namibia,Windhoek,2540916,825615.0,Africa,Southern Africa,"{'afr': 'Afrikaans', 'deu': 'German', 'eng': 'English', 'her': 'Herero', 'hgm': 'Khoekhoe', 'kwn': 'Kwangali', 'loz': 'Lozi', 'ndo': 'Ndonga', 'tsn': 'Tswana'}","{'NAD': {'name': 'Namibian dollar', 'symbol': '$'}, 'ZAR': {'name': 'South African rand', 'symbol': 'R'}}",['UTC+01:00']
Wallis and Futuna,Mata-Utu,11750,142.0,Oceania,Polynesia,{'fra': 'French'},"{'XPF': {'name': 'CFP franc', 'symbol': '₣'}}",['UTC+12:00']
Lithuania,Vilnius,2794700,65300.0,Europe,Northern Europe,{'lit': 'Lithuanian'},"{'EUR': {'name': 'Euro', 'symbol': '€'}}",['UTC+02:00']
Niger,Niamey,24206636,1267000.0,Africa,Western Africa,{'fra': 'French'},"{'XOF': {'name': 'West African CFA franc', 'symbol': 'Fr'}}",['UTC+01:00']
Benin,Porto-Novo,12123198,112622.0,Africa,Western Africa,{'fra': 'French'},"{'XOF': {'name': 'West African CFA franc', 'symbol': 'Fr'}}",['UTC+01:00']
India,New Delhi,1380004385,3287590.0,Asia,Southern Asia,"{'eng': 'English', 'hin': 'Hindi', 'tam': 'Tamil'}","{'INR': {'name': 'Indian rupee', 'symbol': '₹'}}",['UTC+05:30']
Mali,Bamako,20250834,1240192.0,Africa,Western Africa,{'fra': 'French'},"{'XOF': {'name': 'West African CFA franc', 'symbol': 'Fr'}}",['UTC']
Nigeria,Abuja,206139587,923768.0,Africa,Western Africa,{'eng': 'English'},"{'NGN': {'name': 'Nigerian naira', 'symbol': '₦'}}",['UTC+01:00']
Aruba,Oranjestad,106766,180.0,Americas,Caribbean,"{'nld': 'Dutch', 'pap': 'Papiamento'}","{'AWG': {'name': 'Aruban florin', 'symbol': 'ƒ'}}",['UTC-04:00']
Saudi Arabia,Riyadh,34813867,2149690.0,Asia,Western Asia,{'ara': 'Arabic'},"{'SAR': {'name': 'Saudi riyal', 'symbol': 'ر.س'}}",['UTC+03:00']
Bermuda,Hamilton,63903,54.0,Americas,North America,{'eng': 'English'},"{'BMD': {'name': 'Bermudian dollar', 'symbol': '$'}}",['UTC-04:00']
Montserrat,Plymouth,4922,102.0,Americas,Caribbean,{'eng': 'English'},"{'XCD': {'name': 'Eastern Caribbean dollar', 'symbol': '$'}}",['UTC-04:00']
Kazakhstan,Nur-Sultan,18754440,2724900.0,Asia,Central Asia,"{'kaz': 'Kazakh', 'rus': 'Russian'}","{'KZT': {'name': 'Kazakhstani tenge', 'symbol': '₸'}}","['UTC+05:00', 'UTC+06:00']"
Lesotho,Maseru,2142252,30355.0,Africa,Southern Africa,"{'eng': 'English', 'sot': 'Sotho'}","{'LSL': {'name': 'Lesotho loti', 'symbol': 'L'}, 'ZAR': {'name': 'South African rand', 'symbol': 'R'}}",['UTC+02:00']
Kiribati,South Tarawa,119446,811.0,Oceania,Micronesia,"{'eng': 'English', 'gil': 'Gilbertese'}","{'AUD': {'name': 'Australian dollar', 'symbol': '$'}, 'KID': {'name': 'Kiribati dollar', 'symbol': '$'}}","['UTC+12:00', 'UTC+13:00', 'UTC+14:00']"
Dominican Republic,Santo Domingo,10847904,48671.0,Americas,Caribbean,{'spa': 'Spanish'},"{'DOP': {'name': 'Dominican peso', 'symbol': '$'}}",['UTC-04:00']
Ireland,Dublin,4994724,70273.0,Europe,Northern Europe,"{'eng': 'English', 'gle': 'Irish'}","{'EUR': {'name': 'Euro', 'symbol': '€'}}",['UTC']
Azerbaijan,Baku,10110116,86600.0,Asia,Western Asia,{'aze': 'Azerbaijani'},"{'AZN': {'name': 'Azerbaijani manat', 'symbol': '₼'}}",['UTC+04:00']
South Korea,Seoul,51780579,100210.0,Asia,Eastern Asia,{'kor': 'Korean'},"{'KRW': {'name': 'South Korean won', 'symbol': '₩'}}",['UTC+09:00']
Tonga,Nuku'alofa,105697,747.0,Oceania,Polynesia,"{'eng': 'English', 'ton': 'Tongan'}","{'TOP': {'name': 'Tongan paʻanga', 'symbol': 'T$'}}",['UTC+13:00']
Kuwait,Kuwait City,4270563,17818.0,Asia,Western Asia,{'ara': 'Arabic'},"{'KWD': {'name': 'Kuwaiti dinar', 'symbol': 'د.ك'}}",['UTC+03:00']
Oman,Muscat,5106622,309500.0,Asia,Western Asia,{'ara': 'Arabic'},"{'OMR': {'name': 'Omani rial', 'symbol': 'ر.ع.'}}",['UTC+04:00']
Chad,N'Djamena,16425859,1284000.0,Africa,Middle Africa,"{'ara': 'Arabic', 'fra': 'French'}","{'XAF': {'name': 'Central African CFA franc', 'symbol': 'Fr'}}",['UTC+01:00']
Mongolia,Ulan Bator,3278292,1564110.0,Asia,Eastern Asia,{'mon': 'Mongolian'},"{'MNT': {'name': 'Mongolian tögrög', 'symbol': '₮'}}","['UTC+07:00', 'UTC+08:00']"
North Macedonia,Skopje,2077132,25713.0,Europe,Southeast Europe,{'mkd': 'Macedonian'},"{'MKD': {'name': 'denar', 'symbol': 'den'}}",['UTC+01:00']
DR Congo,Kinshasa,108407721,2344858.0,Africa,Middle Africa,"{'fra': 'French', 'kon': 'Kikongo', 'lin': 'Lingala', 'lua': 'Tshiluba', 'swa': 'Swahili'}","{'CDF': {'name': 'Congolese franc', 'symbol': 'FC'}}","['UTC+01:00', 'UTC+02:00']"
Germany,Berlin,83240525,357114.0,Europe,Western Europe,{'deu': 'German'},"{'EUR': {'name': 'Euro', 'symbol': '€'}}",['UTC+01:00']
Hungary,Budapest,9749763,93028.0,Europe,Central Europe,{'hun': 'Hungarian'},"{'HUF': {'name': 'Hungarian forint', 'symbol': 'Ft'}}",['UTC+01:00']
Kenya,Nairobi,53771300,580367.0,Africa,Eastern Africa,"{'eng': 'English', 'swa': 'Swahili'}","{'KES': {'name': 'Kenyan shilling', 'symbol': 'Sh'}}",['UTC+03:00']
Zambia,Lusaka,18383956,752612.0,Africa,Eastern Africa,{'eng': 'English'},"{'ZMW': {'name': 'Zambian kwacha', 'symbol': 'ZK'}}",['UTC+02:00']
South Africa,Pretoria,59308690,1221037.0,Africa,Southern Africa,"{'afr': 'Afrikaans', 'eng': 'English', 'nbl': 'Southern Ndebele', 'nso': 'Northern Sotho', 'sot': 'Southern Sotho', 'ssw': 'Swazi', 'tsn': 'Tswana', 'tso': 'Tsonga', 'ven': 'Venda', 'xho': 'Xhosa', 'zul': 'Zulu'}","{'ZAR': {'name': 'South African rand', 'symbol': 'R'}}",['UTC+02:00']
Latvia,Riga,1901548,64559.0,Europe,Northern Europe,{'lav': 'Latvian'},"{'EUR': {'name': 'Euro', 'symbol': '€'}}",['UTC+02:00']
Timor-Leste,Dili,1318442,14874.0,Asia,South-Eastern Asia,"{'por': 'Portuguese', 'tet': 'Tetum'}","{'USD': {'name': 'United States dollar', 'symbol': '$'}}",['UTC+09:00']
Peru,Lima,32971846,1285216.0,Americas,South America,"{'aym': 'Aymara', 'que': 'Quechua', 'spa': 'Spanish'}","{'PEN': {'name': 'Peruvian sol', 'symbol': 'S/ '}}",['UTC-05:00']
Switzerland,Bern,8654622,41284.0,Europe,Western Europe,"{'fra': 'French', 'gsw': 'Swiss German', 'ita': 'Italian', 'roh': 'Romansh'}","{'CHF': {'name': 'Swiss franc', 'symbol': 'Fr.'}}",['UTC+01:00']
Bahamas,Nassau,393248,13943.0,Americas,Caribbean,{'eng': 'English'},"{'BSD': {'name': 'Bahamian dollar', 'symbol': '$'}, 'USD': {'name': 'United States dollar', 'symbol': '$'}}",['UTC-05:00']
Gabon,Libreville,2225728,267668.0,Africa,Middle Africa,{'fra': 'French'},"{'XAF': {'name': 'Central African CFA franc', 'symbol': 'Fr'}}",['UTC+01:00']
Liberia,Monrovia,5057677,111369.0,Africa,Western Africa,{'eng': 'English'},"{'LRD': {'name': 'Liberian dollar', 'symbol': '$'}}",['UTC']
South Sudan,Juba,11193729,619745.0,Africa,Middle Africa,{'eng': 'English'},"{'SSP': {'name': 'South Sudanese pound', 'symbol': '£'}}",['UTC+03:00']
Gibraltar,Gibraltar,33691,6.0,Europe,Southern Europe,{'eng': 'English'},"{'GIP': {'name': 'Gibraltar pound', 'symbol': '£'}}",['UTC+01:00']
Saint Lucia,Castries,183629,616.0,Americas,Caribbean,{'eng': 'English'},"{'XCD': {'name': 'Eastern Caribbean dollar', 'symbol': '$'}}",['UTC-04:00']
Portugal,Lisbon,10305564,92090.0,Europe,Southern Europe,{'por': 'Portuguese'},"{'EUR': {'name': 'Euro', 'symbol': '€'}}","['UTC-01:00', 'UTC']"
Greenland,Nuuk,56367,2166086.0,Americas,North America,{'kal': 'Greenlandic'},"{'DKK': {'name': 'krone', 'symbol': 'kr.'}}","['UTC-04:00', 'UTC-03:00', 'UTC-01:00', 'UTC+00:00']"
Guadeloupe,Basse-Terre,400132,1628.0,Americas,Caribbean,{'fra': 'French'},"{'EUR': {'name': 'Euro', 'symbol': '€'}}",['UTC-04:00']
Saint Martin,Marigot,38659,53.0,Americas,Caribbean,{'fra': 'French'},"{'EUR': {'name': 'Euro', 'symbol': '€'}}",['UTC-04:00']
Costa Rica,San José,5094114,51100.0,Americas,Central America,{'spa': 'Spanish'},"{'CRC': {'name': 'Costa Rican colón', 'symbol': '₡'}}",['UTC-06:00']
Czechia,Prague,10698896,78865.0,Europe,Central Europe,"{'ces': 'Czech', 'slk': 'Slovak'}","{'CZK': {'name': 'Czech koruna', 'symbol': 'Kč'}}",['UTC+01:00']
Montenegro,Podgorica,621718,13812.0,Europe,Southeast Europe,{'cnr': 'Montenegrin'},"{'EUR': {'name': 'Euro', 'symbol': '€'}}",['UTC+01:00']
Cocos (Keeling) Islands,West Island,544,14.0,Oceania,Australia and New Zealand,{'eng': 'English'},"{'AUD': {'name': 'Australian dollar', 'symbol': '$'}}",['UTC+06:30']
Sweden,Stockholm,10353442,450295.0,Europe,Northern Europe,{'swe': 'Swedish'},"{'SEK': {'name': 'Swedish krona', 'symbol': 'kr'}}",['UTC+01:00']
British Indian Ocean Territory,Diego Garcia,3000,60.0,Africa,Eastern Africa,{'eng': 'English'},"{'USD': {'name': 'United States dollar', 'symbol': '$'}}",['UTC+06:00']
Somalia,Mogadishu,15893219,637657.0,Africa,Eastern Africa,"{'ara': 'Arabic', 'som': 'Somali'}","{'SOS': {'name': 'Somali shilling', 'symbol': 'Sh'}}",['UTC+03:00']
Malta,Valletta,525285,316.0,Europe,Southern Europe,"{'eng': 'English', 'mlt': 'Maltese'}","{'EUR': {'name': 'Euro', 'symbol': '€'}}",['UTC+01:00']
"Saint Helena, Ascension and Tristan da Cunha",Jamestown,53192,394.0,Africa,Western Africa,{'eng': 'English'},"{'GBP': {'name': 'Pound sterling', 'symbol': '£'}, 'SHP': {'name': 'Saint Helena pound', 'symbol': '£'}}",['UTC+00:00']
Colombia,Bogotá,50882884,1141748.0,Americas,South America,{'spa': 'Spanish'},"{'COP': {'name': 'Colombian peso', 'symbol': '$'}}",['UTC-05:00']
Turkey,Ankara,84339067,783562.0,Asia,Western Asia,{'tur': 'Turkish'},"{'TRY': {'name': 'Turkish lira', 'symbol': '₺'}}",['UTC+03:00']
Belize,Belmopan,397621,22966.0,Americas,Central America,"{'bjz': 'Belizean Creole', 'eng': 'English', 'spa': 'Spanish'}","{'BZD': {'name': 'Belize dollar', 'symbol': '$'}}",['UTC-06:00']
Solomon Islands,Honiara,686878,28896.0,Oceania,Melanesia,{'eng': 'English'},"{'SBD': {'name': 'Solomon Islands dollar', 'symbol': '$'}}",['UTC+11:00']
British Virgin Islands,Road Town,30237,151.0,Americas,Caribbean,{'eng': 'English'},"{'USD': {'name': 'United States dollar', 'symbol': '$'}}",['UTC-04:00']
Vatican City,Vatican City,451,0.44,Europe,Southern Europe,"{'ita': 'Italian', 'lat': 'Latin'}","{'EUR': {'name': 'Euro', 'symbol': '€'}}",['UTC+01:00']
Senegal,Dakar,16743930,196722.0,Africa,Western Africa,{'fra': 'French'},"{'XOF': {'name': 'West African CFA franc', 'symbol': 'Fr'}}",['UTC']
Central African Republic,Bangui,4829764,622984.0,Africa,Middle Africa,"{'fra': 'French', 'sag': 'Sango'}","{'XAF': {'name': 'Central African CFA franc', 'symbol': 'Fr'}}",['UTC+01:00']
Liechtenstein,Vaduz,38137,160.0,Europe,Western Europe,{'deu': 'German'},"{'CHF': {'name': 'Swiss franc', 'symbol': 'Fr'}}",['UTC+01:00']
Nauru,Yaren,10834,21.0,Oceania,Micronesia,"{'eng': 'English', 'nau': 'Nauru'}","{'AUD': {'name': 'Australian dollar', 'symbol': '$'}}",['UTC+12:00']
Romania,Bucharest,19286123,238391.0,Europe,Southeast Europe,{'ron': 'Romanian'},"{'RON': {'name': 'Romanian leu', 'symbol': 'lei'}}",['UTC+02:00']
Austria,Vienna,8917205,83871.0,Europe,Central Europe,{'de': 'German'},"{'EUR': {'name': 'Euro', 'symbol': '€'}}",['UTC+01:00']
Nepal,Kathmandu,29136808,147181.0,Asia,Southern Asia,{'nep': 'Nepali'},"{'NPR': {'name': 'Nepalese rupee', 'symbol': '₨'}}",['UTC+05:45']
Paraguay,Asunción,7132530,406752.0,Americas,South America,"{'grn': 'Guaraní', 'spa': 'Spanish'}","{'PYG': {'name': 'Paraguayan guaraní', 'symbol': '₲'}}",['UTC-04:00']
New Zealand,Wellington,5084300,270467.0,Oceania,Australia and New Zealand,"{'eng': 'English', 'mri': 'Māori', 'nzs': 'New Zealand Sign Language'}","{'NZD': {'name': 'New Zealand dollar', 'symbol': '$'}}","['UTC-11:00', 'UTC-10:00', 'UTC+12:00', 'UTC+12:45', 'UTC+13:00']"
Italy,Rome,59554023,301336.0,Europe,Southern Europe,{'ita': 'Italian'},"{'EUR': {'name': 'Euro', 'symbol': '€'}}",['UTC+01:00']
El Salvador,San Salvador,6486201,21041.0,Americas,Central America,{'spa': 'Spanish'},"{'USD': {'name': 'United States dollar', 'symbol': '$'}}",['UTC-06:00']
Svalbard and Jan Mayen,Longyearbyen,2562,-1.0,Europe,Northern Europe,{'nor': 'Norwegian'},"{'NOK': {'name': 'krone', 'symbol': 'kr'}}",['UTC+01:00']
Vanuatu,Port Vila,307150,12189.0,Oceania,Melanesia,"{'bis': 'Bislama', 'eng': 'English', 'fra': 'French'}","{'VUV': {'name': 'Vanuatu vatu', 'symbol': 'Vt'}}",['UTC+11:00']
